{"cameraMode":{"drawMode":0,"name":"Shaded","section":"Shading Mode"},"sceneLighting":true,"audioPlay":false,"sceneViewState":{"showFog":true,"showMaterialUpdate":false,"showSkybox":true,"showFlares":true,"showImageEffects":true,"showParticleSystems":true},"in2DMode":false,"pivot":{"x":-0.07450518757104874,"y":-0.9002699851989746,"z":3.3492555618286135},"rotation":{"x":-0.23654742538928986,"y":0.0038267618510872127,"z":-0.0008660421590320766,"w":-0.9716120362281799},"size":6.479177474975586,"orthographic":false}