{"cameraMode":{"drawMode":0,"name":"Shaded","section":"Shading Mode"},"sceneLighting":true,"audioPlay":false,"sceneViewState":{"showFog":true,"showMaterialUpdate":false,"showSkybox":true,"showFlares":true,"showImageEffects":true,"showParticleSystems":true},"in2DMode":false,"pivot":{"x":-0.17419838905334474,"y":0.001561880111694336,"z":3.5792858600616457},"rotation":{"x":-0.2467125654220581,"y":0.013992436230182648,"z":-0.003496810793876648,"w":-0.9689813852310181},"size":7.78704309463501,"orthographic":false}